{"cameraMode":{"drawMode":0,"name":"Shaded","section":"Shading Mode"},"sceneLighting":true,"audioPlay":false,"sceneViewState":{"showFog":true,"showMaterialUpdate":false,"showSkybox":true,"showFlares":true,"showImageEffects":true,"showParticleSystems":true},"in2DMode":false,"pivot":{"x":-0.6870570778846741,"y":-5.030905723571777,"z":7.6465935707092289},"rotation":{"x":-0.30292803049087527,"y":0.016292251646518709,"z":-0.005180460400879383,"w":-0.952864408493042},"size":5415.38818359375,"orthographic":false}