{"cameraMode":{"drawMode":0,"name":"Shaded","section":"Shading Mode"},"sceneLighting":true,"audioPlay":false,"sceneViewState":{"showFog":true,"showMaterialUpdate":false,"showSkybox":true,"showFlares":true,"showImageEffects":true,"showParticleSystems":true},"in2DMode":false,"pivot":{"x":0.012260854244232178,"y":0.07789747416973114,"z":-0.009224049746990204},"rotation":{"x":-0.11406571418046951,"y":0.0005887966835871339,"z":-0.00006859823042759672,"w":-0.9934730529785156},"size":0.17336046695709229,"orthographic":false}