{"cameraMode":{"drawMode":0,"name":"Shaded","section":"Shading Mode"},"sceneLighting":true,"audioPlay":false,"sceneViewState":{"showFog":true,"showMaterialUpdate":false,"showSkybox":true,"showFlares":true,"showImageEffects":true,"showParticleSystems":true},"in2DMode":false,"pivot":{"x":-0.10056734085083008,"y":-1.090999960899353,"z":2.271277666091919},"rotation":{"x":0.0762653648853302,"y":-0.11043676733970642,"z":0.008500057272613049,"w":0.9909163117408752},"size":5.585004806518555,"orthographic":false}