{"cameraMode":{"drawMode":0,"name":"Shaded","section":"Shading Mode"},"sceneLighting":true,"audioPlay":false,"sceneViewState":{"showFog":true,"showMaterialUpdate":false,"showSkybox":true,"showFlares":true,"showImageEffects":true,"showParticleSystems":true},"in2DMode":false,"pivot":{"x":0.09421132504940033,"y":0.04472503066062927,"z":-0.00637778639793396},"rotation":{"x":-0.23162084817886353,"y":-0.12740406394004823,"z":0.03061237744987011,"w":-0.9639413356781006},"size":0.33546361327171328,"orthographic":false}